<?xml version="1.0" encoding="UTF-8"?>
<project-private xmlns="http://www.netbeans.org/ns/project-private/1">
    <editor-bookmarks xmlns="http://www.netbeans.org/ns/editor-bookmarks/2" lastBookmarkId="0"/>
    <open-files xmlns="http://www.netbeans.org/ns/projectui-open-files/2">
        <group>
            <file>file:/C:/Users/hezb/Desktop/CPT105/programming/Coursework3_SourceCode_2141913/src/NodeListTree/NodeListTree.java</file>
            <file>file:/C:/Users/hezb/Desktop/CPT105/programming/Coursework3_SourceCode_2141913/src/GameOfLife/GameOfLife.java</file>
            <file>file:/C:/Users/hezb/Desktop/CPT105/programming/Coursework3_SourceCode_2141913/src/MOBA_Game/Fighter.java</file>
            <file>file:/C:/Users/hezb/Desktop/CPT105/programming/Coursework3_SourceCode_2141913/src/MOBA_Game/Hero.java</file>
        </group>
    </open-files>
</project-private>
